medalist_name,medal,gender,sport
Bair Badënov,bronze,male,archery
Ilario Di Buò,silver,male,archery
Im Dong-hyun,gold,male,archery
Jiang Lin,bronze,male,archery
Lee Chang-hwan,gold,male,archery
Li Wenquan,bronze,male,archery
Marco Galiazzo,silver,male,archery
Mauro Nespoli,silver,male,archery
Park Kyung-mo,silver,male,archery
Viktor Ruban,gold,male,archery
Xue Haifeng,bronze,male,archery
Bérengère Schuh,bronze,female,archery
Chen Ling,silver,female,archery
Guo Dan,silver,female,archery
Joo Hyun-Jung,gold,female,archery
Park Sung-hyun,silver,female,archery
Sophie Dodemont,bronze,female,archery
Virginie Arnold,bronze,female,archery
Yun Ok-hee,bronze,female,archery
Zhang Juanjuan,gold,female,archery
Aaron Armstrong,gold,male,athletics
Ainārs Kovals,silver,male,athletics
Alex Schwazer,gold,male,athletics
Alfred Kirwa Yego,bronze,male,athletics
Andrae Williams,silver,male,athletics
Andreas Thorkildsen,gold,male,athletics
Andrei Krauchanka,silver,male,athletics
Andretti Bain,silver,male,athletics
Andrew Steele,bronze,male,athletics
Andrey Silnov,gold,male,athletics
Angelo Taylor,gold,male,athletics
Asbel Kiprop,gold,male,athletics
Avard Moncur,silver,male,athletics
Bershawn Jackson,bronze,male,athletics
Brimin Kipruto,gold,male,athletics
Bruno de Barros,bronze,male,athletics
Bryan Clay,gold,male,athletics
Chris Brown,silver,male,athletics
Christian Cantwell,silver,male,athletics
David Neville,bronze,male,athletics
David Oliver,bronze,male,athletics
David Payne,silver,male,athletics
Dayron Robles,gold,male,athletics
Denis Nizhegorodov,bronze,male,athletics
Derek Miles,bronze,male,athletics
Dylan Armstrong,bronze,male,athletics
Edwin Soi,bronze,male,athletics
Eliud Kipchoge,silver,male,athletics
Emmanuel Callender,gold,male,athletics
Gerd Kanter,gold,male,athletics
Germaine Mason,silver,male,athletics
Godfrey Khotso Mokoena,silver,male,athletics
Ibrahim Camejo,bronze,male,athletics
Irving Saladino,gold,male,athletics
Ismail Ahmed Ismail,silver,male,athletics
Ivan Tsikhan,bronze,male,athletics
Jaouad Gharib,silver,male,athletics
Jared Tallent,bronze,male,athletics
Jefferson Pérez,silver,male,athletics
Jeremy Wariner,silver,male,athletics
José Carlos Moreira,bronze,male,athletics
Kenenisa Bekele,gold,male,athletics
Kerron Clement,silver,male,athletics
Keston Bledman,gold,male,athletics
LaShawn Merritt,gold,male,athletics
Leevan Sands,bronze,male,athletics
Leonel Suárez,bronze,male,athletics
Mahiedine Mekhissi-Benabbad,silver,male,athletics
Marc Burns,gold,male,athletics
Martyn Rooney,bronze,male,athletics
Mehdi Baala,bronze,male,athletics
Micah Kogo,bronze,male,athletics
Michael Bingham,bronze,male,athletics
Michael Mathieu,silver,male,athletics
Naoki Tsukahara,silver,male,athletics
Nelson Évora,gold,male,athletics
Nick Willis,silver,male,athletics
Nobuharu Asahara,silver,male,athletics
Phillips Idowu,silver,male,athletics
Piotr Małachowski,silver,male,athletics
Primož Kozmus,gold,male,athletics
Ramon Miller,silver,male,athletics
Reggie Witherspoon,gold,male,athletics
Richard Mateelong,bronze,male,athletics
Richard Thompson,silver,male,athletics
Robert Tobin,bronze,male,athletics
Samuel Wanjiru,gold,male,athletics
Sandro Viana,bronze,male,athletics
Shawn Crawford,silver,male,athletics
Shingo Suetsugu,silver,male,athletics
Shinji Takahira,silver,male,athletics
Sileshi Sihine,silver,male,athletics
Steve Hooker,gold,male,athletics
Tero Pitkämäki,bronze,male,athletics
Tomasz Majewski,gold,male,athletics
Tsegaye Kebede,bronze,male,athletics
Usain Bolt,gold,male,athletics
Vadim Devyatovskiy,silver,male,athletics
Valeriy Borchin,gold,male,athletics
Vicente de Lima,bronze,male,athletics
Virgilijus Alekna,bronze,male,athletics
Walter Dix,bronze,male,athletics
Wilfred Bungei,gold,male,athletics
Yaroslav Rybakov,bronze,male,athletics
Yevgeny Lukyanenko,silver,male,athletics
Agnes Osazuwa,silver,female,athletics
Allyson Felix,silver,female,athletics
Anna Chicherova,bronze,female,athletics
Barbora Špotáková,gold,female,athletics
Blanka Vlašić,silver,female,athletics
Blessing Okagbare,silver,female,athletics
Bobby-Gaye Wilkins,silver,female,athletics
Catherine Ndereba,silver,female,athletics
Chelsea Hammond,bronze,female,athletics
Christina Obergföll,bronze,female,athletics
Christine Ohuruogu,gold,female,athletics
Constantina Diță,gold,female,athletics
Dawn Harper-Nelson,gold,female,athletics
Elisa Rigaudo,bronze,female,athletics
Ene Franca Idoko,silver,female,athletics
Eunice Jepkorir,silver,female,athletics
Françoise Mbango Etone,gold,female,athletics
Gloria Kemasuode,silver,female,athletics
Gong Lijiao,bronze,female,athletics
Gölnara Galkina-Sämitevä,gold,female,athletics
Halimat Ismaila,silver,female,athletics
Hanna Mariën,gold,female,athletics
Hasna Benhassi,bronze,female,athletics
Hyleas Fountain,silver,female,athletics
Iryna Lishchynska,silver,female,athletics
Janeth Jepkosgei,silver,female,athletics
Jennifer Suhr,silver,female,athletics
Kelly Sotherton,bronze,female,athletics
Kerron Stewart,bronze,female,athletics
Kim Gevaert,gold,female,athletics
Kjersti Plätzer,silver,female,athletics
Linet Masai,bronze,female,athletics
Lucimar de Moura,bronze,female,athletics
Manuela Montebrun,bronze,female,athletics
Marilyn Okoro,bronze,female,athletics
Mariya Abakumova,silver,female,athletics
Mary Wineberg,gold,female,athletics
Maurren Maggi,gold,female,athletics
Melaine Walker,gold,female,athletics
Meseret Defar,silver,female,athletics
Monique Henderson,gold,female,athletics
Nancy Langat,gold,female,athletics
Nataliya Dobrynska,gold,female,athletics
Nataliya Tobias,bronze,female,athletics
Natasha Hastings,gold,female,athletics
Nicola Sanders,bronze,female,athletics
Novlene Williams-Mills,silver,female,athletics
Olena Antonova,silver,female,athletics
Olga Kaniskina,gold,female,athletics
Olivia Borlée,gold,female,athletics
Oludamola Osayomi,silver,female,athletics
Pamela Jelimo,gold,female,athletics
Priscilla Lopes-Schliep,bronze,female,athletics
Rosemar Coelho Neto,bronze,female,athletics
Rosemarie Whyte,silver,female,athletics
Rosângela Santos,bronze,female,athletics
Sally Pearson,silver,female,athletics
Sanya Richards-Ross,bronze,female,athletics
Shalane Flanagan,silver,female,athletics
Sheena Tosta,silver,female,athletics
Shelly-Ann Fraser-Pryce,gold,female,athletics
Shereefa Lloyd,silver,female,athletics
Shericka Williams,silver,female,athletics
Sherone Simpson,silver,female,athletics
Song Aimin,bronze,female,athletics
Stephanie Brown Trafton,gold,female,athletics
Svetlana Feofanova,bronze,female,athletics
Sylvia Jebiwott Kibet,bronze,female,athletics
Tasha Danvers,bronze,female,athletics
Tatyana Chernova,bronze,female,athletics
Thaissa Presti,bronze,female,athletics
Tia Hellebaut,gold,female,athletics
Tirunesh Dibaba,gold,female,athletics
Valerie Adams,gold,female,athletics
Veronica Campbell-Brown,gold,female,athletics
Yekaterina Volkova,bronze,female,athletics
Yelena Isinbayeva,gold,female,athletics
Yipsi Moreno,gold,female,athletics
Zhang Wenxiu,silver,female,athletics
Zhou Chunxiu,bronze,female,athletics
Élodie Ouédraogo,gold,female,athletics
Cai Yun,silver,male,badminton
Chen Jin,bronze,male,badminton
Fu Haifeng,silver,male,badminton
He Hanbin,bronze,male,badminton
Hendra Setiawan,gold,male,badminton
Hwang Ji-man,bronze,male,badminton
Lee Chong Wei,silver,male,badminton
Lee Jae-jin,bronze,male,badminton
Lee Yong-dae,gold,male,badminton
Lin Dan,gold,male,badminton
Markis Kido,gold,male,badminton
Nova Widianto,silver,male,badminton
Du Jing,gold,female,badminton
Lee Hyo-jung,silver,female,badminton
Lee Kyung-won,silver,female,badminton
Liliyana Natsir,silver,female,badminton
Maria Kristin Yulianti,bronze,female,badminton
Wei Yili,bronze,female,badminton
Xie Xingfang,silver,female,badminton
Yu Yang,gold,female,badminton
Zhang Ning,gold,female,badminton
Zhang Yawen,bronze,female,badminton
Adiel Palma,silver,male,baseball
Alexander Malleta,silver,male,baseball
Alexei Bell,silver,male,baseball
Alfredo Despaigne,silver,male,baseball
Ariel Pestano,silver,male,baseball
Blaine Neal,bronze,male,baseball
Bong Jung-keun,gold,male,baseball
Brandon Knight,bronze,male,baseball
Brett Anderson,bronze,male,baseball
Brian Barden,bronze,male,baseball
Brian Duensing,bronze,male,baseball
Casey Weathers,bronze,male,baseball
Chong Tae-hyon,gold,male,baseball
Dexter Fowler,bronze,male,baseball
Eduardo Paret,silver,male,baseball
Elier Sánchez,silver,male,baseball
Eriel Sánchez,silver,male,baseball
Frederich Cepeda,silver,male,baseball
Giorvis Duvergel,silver,male,baseball
Han Ki-joo,gold,male,baseball
Hyun-jin Ryu,gold,male,baseball
Héctor Olivera,silver,male,baseball
Jake Arrieta,bronze,male,baseball
Jang Won-sam,gold,male,baseball
Jason Donald,bronze,male,baseball
Jayson Nix,bronze,male,baseball
Jeff Stevens,bronze,male,baseball
Jeong Keun-woo,gold,male,baseball
Jeremy Cummings,bronze,male,baseball
Jin Kab-yong,gold,male,baseball
John Gall,bronze,male,baseball
Jonder Martínez,silver,male,baseball
Kang Min-ho,gold,male,baseball
Kevin Jepsen,bronze,male,baseball
Kim Dong-ju,gold,male,baseball
Kim Hyun-soo,gold,male,baseball
Kim Kwang-hyun,gold,male,baseball
Kim Min-jae,gold,male,baseball
Ko Young-min,gold,male,baseball
Kwon Hyuk,gold,male,baseball
Lee Dae-ho,gold,male,baseball
Lee Jin-young,gold,male,baseball
Lee Jong-wook,gold,male,baseball
Lee Seung-yuop,gold,male,baseball
Lee Taek-keun,gold,male,baseball
Lee Yong-kyu,gold,male,baseball
Lou Marson,bronze,male,baseball
Luis Miguel Navas,silver,male,baseball
Luis Miguel Rodríguez,silver,male,baseball
Matt LaPorta,bronze,male,baseball
Matthew Brown,bronze,male,baseball
Michel Enríquez,silver,male,baseball
Miguel Lahera,silver,male,baseball
Mike Hessman,bronze,male,baseball
Mike Koplove,bronze,male,baseball
Nate Schierholtz,bronze,male,baseball
Norberto González,silver,male,baseball
Norge Luis Vera,silver,male,baseball
Oh Seung-hwan,gold,male,baseball
Park Jin-man,gold,male,baseball
Pedro Luis Lazo,silver,male,baseball
Rolando Meriño,silver,male,baseball
Song Seung-jun,gold,male,baseball
Stephen Strasburg,bronze,male,baseball
Taylor Teagarden,bronze,male,baseball
Terry Tiffee,bronze,male,baseball
Trevor Cahill,bronze,male,baseball
Vicyohandri Odelín,silver,male,baseball
Yadier Pedroso,silver,male,baseball
Yoandry Urgellés,silver,male,baseball
Yoon Suk-min,gold,male,baseball
Yulieski Gurriel,silver,male,baseball
Andrés Nocioni,bronze,male,basketball
Antonio Porta,bronze,male,basketball
Berni Rodríguez,silver,male,basketball
Carlos Boozer,gold,male,basketball
Carlos Delfino,bronze,male,basketball
Carlos Jiménez,silver,male,basketball
Carmelo Anthony,gold,male,basketball
Chris Bosh,gold,male,basketball
Chris Paul,gold,male,basketball
Dwight Howard,gold,male,basketball
Dwyane Wade,gold,male,basketball
Fabricio Oberto,bronze,male,basketball
Federico Kammerichs,bronze,male,basketball
Felipe Reyes,silver,male,basketball
Jason Kidd,gold,male,basketball
Jorge Garbajosa,silver,male,basketball
José Calderón,silver,male,basketball
Juan Carlos Navarro,silver,male,basketball
Juan Pedro Gutiérrez,bronze,male,basketball
Kobe Bryant,gold,male,basketball
LeBron James,gold,male,basketball
Leonardo Gutiérrez,bronze,male,basketball
Luis Scola,bronze,male,basketball
Manu Ginóbili,bronze,male,basketball
Marc Gasol,silver,male,basketball
Michael Redd,gold,male,basketball
Pablo Prigioni,bronze,male,basketball
Paolo Quinteros,bronze,male,basketball
Pau Gasol,silver,male,basketball
Raül López,silver,male,basketball
Ricky Rubio,silver,male,basketball
Román González,bronze,male,basketball
Rudy Fernández,silver,male,basketball
Tayshaun Prince,gold,male,basketball
Álex Mumbrú,silver,male,basketball
Becky Hammon,bronze,female,basketball
Belinda Snell,silver,female,basketball
Candace Parker,gold,female,basketball
Cappie Pondexter,gold,female,basketball
DeLisha Milton-Jones,gold,female,basketball
Diana Taurasi,gold,female,basketball
Emma Randall,silver,female,basketball
Erin Phillips,silver,female,basketball
Hollie Grima,silver,female,basketball
Ilona Korstin,bronze,female,basketball
Irina Osipova,bronze,female,basketball
Irina Sokolovskaya,bronze,female,basketball
Jenni Screen,silver,female,basketball
Kara Lawson,gold,female,basketball
Katie Smith,gold,female,basketball
Kristi Harrower,silver,female,basketball
Laura Summerton,silver,female,basketball
Lauren Jackson,silver,female,basketball
Lisa Leslie,gold,female,basketball
Maria Stepanova,bronze,female,basketball
Marina Karpunina,bronze,female,basketball
Marina Kuzina,bronze,female,basketball
Natalia Vodopyanova,bronze,female,basketball
Oxana Rakhmatulina,bronze,female,basketball
Penny Taylor,silver,female,basketball
Rohanee Cox,silver,female,basketball
Seimone Augustus,gold,female,basketball
Sue Bird,gold,female,basketball
Suzy Batkovic,silver,female,basketball
Svetlana Abrosimova,bronze,female,basketball
Sylvia Fowles,gold,female,basketball
Tamika Catchings,gold,female,basketball
Tatiana Shchegoleva,bronze,female,basketball
Tina Thompson,gold,female,basketball
Tully Bevilaqua,silver,female,basketball
Yekaterina Lisina,bronze,female,basketball
Aleksei Tishchenko,gold,male,boxing
Alexis Vastine,bronze,male,boxing
Andry Laffita,silver,male,boxing
Bakhyt Sarsekbayev,gold,male,boxing
Bruno Julie,bronze,male,boxing
Carlos Banteux,silver,male,boxing
Clemente Russo,silver,male,boxing
Daouda Sow,silver,male,boxing
Darren Sutherland,bronze,male,boxing
David Price,bronze,male,boxing
Deontay Wilder,bronze,male,boxing
Emilio Correa,silver,male,boxing
Enkhbatyn Badar-Uugan,gold,male,boxing
Georgy Balakshin,bronze,male,boxing
Hrachik Javakhyan,bronze,male,boxing
James DeGale,gold,male,boxing
Kanat Islam,bronze,male,boxing
Kenny Egan,silver,male,boxing
Khedafi Djelkhir,silver,male,boxing
Kim Jung-joo,bronze,male,boxing
Manuel Félix Díaz,gold,male,boxing
Manus Boonjumnong,silver,male,boxing
Matthew Luu,bronze,male,boxing
Osmay Acosta,bronze,male,boxing
Paddy Barnes,bronze,male,boxing
Pürevdorjiin Serdamba,silver,male,boxing
Rakhim Chakhkiyev,gold,male,boxing
Roberto Cammarelle,gold,male,boxing
Roniel Iglesias,bronze,male,boxing
Shahin Imranov,bronze,male,boxing
Somjit Jongjohor,gold,male,boxing
Tony Jeffries,bronze,male,boxing
Vasyl Lomachenko,gold,male,boxing
Veaceslav Gojan,bronze,male,boxing
Vijender Singh,bronze,male,boxing
Vincenzo Picardi,bronze,male,boxing
Yakup Kılıç,bronze,male,boxing
Yampier Hernández,bronze,male,boxing
Yankiel León,silver,male,boxing
Yerkebulan Shynaliyev,bronze,male,boxing
Yordenis Ugás,bronze,male,boxing
Zhang Xiaoping,gold,male,boxing
Zhang Zhilei,silver,male,boxing
Zou Shiming,gold,male,boxing
Adam van Koeverden,silver,male,canoeing and kayaking
Aleksandr Kostoglod,silver,male,canoeing and kayaking
Alexander Grimm,gold,male,canoeing and kayaking
Aliaksandr Bahdanovich,gold,male,canoeing and kayaking
Aliaksei Abalmasau,gold,male,canoeing and kayaking
Andrea Facchin,bronze,male,canoeing and kayaking
Andreas Ihle,gold,male,canoeing and kayaking
Andrei Bahdanovich,gold,male,canoeing and kayaking
Antonio Scaduto,bronze,male,canoeing and kayaking
Artur Litvinchuk,gold,male,canoeing and kayaking
Attila Vajda,gold,male,canoeing and kayaking
Benjamin Boukpeti,bronze,male,canoeing and kayaking
Björn Goldschmidt,bronze,male,canoeing and kayaking
Carlos Pérez Rial,gold,male,canoeing and kayaking
Christian Gille,bronze,male,canoeing and kayaking
David Cal,silver,male,canoeing and kayaking
David Florence,silver,male,canoeing and kayaking
Dmitry Larionov,bronze,male,canoeing and kayaking
Eirik Verås Larsen,silver,male,canoeing and kayaking
Erik Vlček,silver,male,canoeing and kayaking
Fabien Lefèvre,silver,male,canoeing and kayaking
György Kozmann,bronze,male,canoeing and kayaking
Jaroslav Volf,silver,male,canoeing and kayaking
Juraj Tarr,silver,male,canoeing and kayaking
Ken Wallace,gold,male,canoeing and kayaking
Kim Wraae Knudsen,silver,male,canoeing and kayaking
Lutz Altepost,bronze,male,canoeing and kayaking
Martin Hollstein,gold,male,canoeing and kayaking
Maxim Opalev,gold,male,canoeing and kayaking
Meng Guanliang,gold,male,canoeing and kayaking
Michal Martikán,gold,male,canoeing and kayaking
Michal Riszdorfer,silver,male,canoeing and kayaking
Mikhail Kuznetsov,bronze,male,canoeing and kayaking
Norman Bröckl,bronze,male,canoeing and kayaking
Ondřej Štěpánek,silver,male,canoeing and kayaking
Pavol Hochschorner,gold,male,canoeing and kayaking
Peter Hochschorner,gold,male,canoeing and kayaking
Raman Pietrushenka,bronze,male,canoeing and kayaking
René Holten Poulsen,silver,male,canoeing and kayaking
Richard Riszdorfer,silver,male,canoeing and kayaking
Robin Bell,bronze,male,canoeing and kayaking
Ronald Rauhe,silver,male,canoeing and kayaking
Saúl Craviotto,gold,male,canoeing and kayaking
Sergey Ulegin,silver,male,canoeing and kayaking
Tamás Kiss,bronze,male,canoeing and kayaking
Thomas Hall,bronze,male,canoeing and kayaking
Tim Brabants,bronze,male,canoeing and kayaking
Tim Wieskötter,silver,male,canoeing and kayaking
Tomasz Wylenzek,bronze,male,canoeing and kayaking
Torsten Eckbrett,bronze,male,canoeing and kayaking
Vadzim Makhneu,bronze,male,canoeing and kayaking
Yang Wenjun,gold,male,canoeing and kayaking
Yuriy Cheban,bronze,male,canoeing and kayaking
Aneta Konieczna,silver,female,canoeing and kayaking
Anne-Laure Viard,bronze,female,canoeing and kayaking
Beata Mikołajczyk,silver,female,canoeing and kayaking
Chantal Meek,bronze,female,canoeing and kayaking
Conny Waßmuth,gold,female,canoeing and kayaking
Danuta Kozák,silver,female,canoeing and kayaking
Elena Kaliská,gold,female,canoeing and kayaking
Fanny Fischer,gold,female,canoeing and kayaking
Gabriella Szabó,silver,female,canoeing and kayaking
Hannah Davis,bronze,female,canoeing and kayaking
Inna Osypenko-Radomska,gold,female,canoeing and kayaking
Jacqueline Lawrence,silver,female,canoeing and kayaking
Josefa Idem,silver,female,canoeing and kayaking
Katalin Kovács,gold,female,canoeing and kayaking
Katrin Wagner-Augustin,bronze,female,canoeing and kayaking
Lisa Oldenhof,bronze,female,canoeing and kayaking
Lyndsie Fogarty,bronze,female,canoeing and kayaking
Marie Delattre,bronze,female,canoeing and kayaking
Natasa Dusev-Janics,gold,female,canoeing and kayaking
Nicole Reinhardt,gold,female,canoeing and kayaking
Violetta Oblinger-Peters,bronze,female,canoeing and kayaking
Alexandr Kolobnev,bronze,male,road bicycle racing
Fabian Cancellara,silver,male,road bicycle racing
Gustav Larsson,silver,male,road bicycle racing
Levi Leipheimer,bronze,male,road bicycle racing
Samuel Sánchez,gold,male,road bicycle racing
Emma Johansson,silver,female,road bicycle racing
Emma Pooley,silver,female,road bicycle racing
Karin Thürig,bronze,female,road bicycle racing
Kristin Armstrong,gold,female,road bicycle racing
Nicole Cooke,gold,female,road bicycle racing
Tatiana Guderzo,bronze,female,road bicycle racing
Alex Rasmussen,silver,male,track cycling
Alexei Markov,bronze,male,track cycling
Arnaud Tournant,silver,male,track cycling
Bradley Wiggins,gold,male,track cycling
Casper Jørgensen,silver,male,track cycling
Chris Hoy,gold,male,track cycling
Chris Newton,bronze,male,track cycling
Ed Clancy,gold,male,track cycling
Geraint Thomas,gold,male,track cycling
Grégory Baugé,silver,male,track cycling
Hayden Roulston,silver,male,track cycling
Jamie Staff,gold,male,track cycling
Jason Kenny,silver,male,track cycling
Jens-Erik Madsen,silver,male,track cycling
Jesse Sergent,bronze,male,track cycling
Joan Llaneras Roselló,silver,male,track cycling
Juan Curuchet,gold,male,track cycling
Kiyofumi Nagai,bronze,male,track cycling
Kévin Sireau,silver,male,track cycling
Marc Ryan,bronze,male,track cycling
Maximilian Levy,bronze,male,track cycling
Michael Færk Christensen,silver,male,track cycling
Michael Mørkøv,silver,male,track cycling
Mickaël Bourgain,bronze,male,track cycling
Mikhail Ignatiev,bronze,male,track cycling
Paul Manning,gold,male,track cycling
René Enders,bronze,male,track cycling
Roger Kluge,silver,male,track cycling
Ross Edgar,silver,male,track cycling
Sam Bewley,bronze,male,track cycling
Stefan Nimke,bronze,male,track cycling
Steven Burke,bronze,male,track cycling
Toni Tauler,silver,male,track cycling
Walter Pérez,gold,male,track cycling
Westley Gough,bronze,male,track cycling
Anna Meares,silver,female,track cycling
Guo Shuang,bronze,female,track cycling
Leire Olaberria,bronze,female,track cycling
Lesya Kalytovska,bronze,female,track cycling
Marianne Vos,gold,female,track cycling
Rebecca Romero,gold,female,track cycling
Victoria Pendleton,gold,female,track cycling
Wendy Houvenaghel,silver,female,track cycling
Yoanka González,silver,female,track cycling
Jean-Christophe Péraud,silver,male,mountain biking
Julien Absalon,gold,male,mountain biking
Nino Schurter,bronze,male,mountain biking
Irina Kalentieva,bronze,female,mountain biking
Maja Włoszczowska,silver,female,mountain biking
Sabine Spitz,gold,female,mountain biking
Donny Robinson,bronze,male,bmx
Mike Day,silver,male,bmx
Māris Štrombergs,gold,male,bmx
Anne-Caroline Chausson,gold,female,bmx
Jill Kintner,bronze,female,bmx
Laëtitia Le Corguillé,silver,female,bmx
Alexandre Despatie,silver,male,diving
Dmitri Sautin,silver,male,diving
Dmitriy Dobroskok,bronze,male,diving
Gleb Galperin,bronze,male,diving
He Chong,gold,male,diving
Huo Liang,gold,male,diving
Illya Kvasha,bronze,male,diving
Lin Yue,gold,male,diving
Matthew Mitcham,gold,male,diving
Oleksiy Pryhorov,bronze,male,diving
Patrick Hausding,silver,male,diving
Qin Kai,bronze,male,diving
Sascha Klein,silver,male,diving
Wang Feng,gold,male,diving
Yuriy Kunakov,silver,male,diving
Zhou Lüxin,silver,male,diving
Anastasia Pozdniakova,silver,female,diving
Briony Cole,silver,female,diving
Chen Ruolin,gold,female,diving
Ditte Kotzian,bronze,female,diving
Guo Jingjing,gold,female,diving
Heike Fischer,bronze,female,diving
Melissa Wu,silver,female,diving
Paola Espinosa,bronze,female,diving
Tatiana Ortiz,bronze,female,diving
Wang Xin,bronze,female,diving
Wu Minxia,bronze,female,diving
Yuliya Pakhalina,silver,female,diving
Émilie Heymans,silver,female,diving
Anky van Grunsven,gold,female,equestrian sport
Anne van Olst,bronze,female,equestrian sport
Beezie Madden,bronze,female,equestrian sport
Christina Liebherr,bronze,female,equestrian sport
Daisy Dick,bronze,female,equestrian sport
Gina Miles,silver,female,equestrian sport
Heike Kemmer,bronze,female,equestrian sport
Imke Bartels,silver,female,equestrian sport
Ingrid Klimke,gold,female,equestrian sport
Isabell Werth,silver,female,equestrian sport
Jill Henselwood,silver,female,equestrian sport
Kristina Cook,bronze,female,equestrian sport
Laura Kraut,gold,female,equestrian sport
Lucinda Fredericks,silver,female,equestrian sport
Mary King,bronze,female,equestrian sport
Megan Jones,silver,female,equestrian sport
Nadine Capellmann,gold,female,equestrian sport
Princess Nathalie of Sayn-Wittgenstein-Berleburg,bronze,female,equestrian sport
Sharon Hunt,bronze,female,equestrian sport
Sonja Johnson,silver,female,equestrian sport
Andreas Dibowski,gold,male,equestrian sport
Andreas Helgstrand,bronze,male,equestrian sport
Clayton Fredericks,silver,male,equestrian sport
Eric Lamaze,gold,male,equestrian sport
Frank Ostholt,gold,male,equestrian sport
Hans Peter Minderhoud,silver,male,equestrian sport
Hinrich Romeike,gold,male,equestrian sport
Ian Millar,silver,male,equestrian sport
Mac Cone,silver,male,equestrian sport
McLain Ward,gold,male,equestrian sport
Niklaus Schurtenberger,bronze,male,equestrian sport
Peter Thomsen,gold,male,equestrian sport
Pius Schwizer,bronze,male,equestrian sport
Rolf-Göran Bengtsson,silver,male,equestrian sport
Shane Rose,silver,male,equestrian sport
Steve Guerdat,bronze,male,equestrian sport
Will Simpson,gold,male,equestrian sport
William Fox-Pitt,bronze,male,equestrian sport
Adam Wiercioch,silver,male,fencing
Aldo Montano,bronze,male,fencing
Alfredo Rota,bronze,male,fencing
Benjamin Kleibrink,gold,male,fencing
Boris Sanson,gold,male,fencing
Diego Confalonieri,bronze,male,fencing
Diego Occhiuzzi,bronze,male,fencing
Fabrice Jeannet,silver,male,fencing
Gianpiero Pastore,bronze,male,fencing
James Leighman Williams,silver,male,fencing
Jason Rogers,silver,male,fencing
José Luis Abajo,bronze,male,fencing
Julien Pillet,gold,male,fencing
Jérôme Jeannet,gold,male,fencing
Keeth Smart,silver,male,fencing
Luigi Tarantino,bronze,male,fencing
Matteo Tagliariol,gold,male,fencing
Mihai Covaliu,bronze,male,fencing
Nicolas Lopez,silver,male,fencing
Radosław Zawrotniak,silver,male,fencing
Robert Andrzejuk,silver,male,fencing
Salvatore Sanzo,bronze,male,fencing
Stefano Carozzo,bronze,male,fencing
Tim Morehouse,silver,male,fencing
Tomasz Motyka,silver,male,fencing
Ulrich Robeiri,gold,male,fencing
Yūki Ōta,silver,male,fencing
Zhong Man,gold,male,fencing
Aida Shanayeva,gold,female,fencing
Ana Maria Popescu,silver,female,fencing
Bao Yingying,silver,female,fencing
Britta Heidemann,gold,female,fencing
Emily Cross,silver,female,fencing
Erinn Smart,silver,female,fencing
Giovanna Trillini,bronze,female,fencing
Halyna Pundyk,gold,female,fencing
Hanna Thompson,silver,female,fencing
Huang Haiyang,silver,female,fencing
Ilaria Salvatori,bronze,female,fencing
Ildikó Mincza-Nébald,bronze,female,fencing
Margherita Granbassi,bronze,female,fencing
Mariel Zagunis,gold,female,fencing
Nam Hyun-Hee,silver,female,fencing
Ni Hong,silver,female,fencing
Olena Khomrova,gold,female,fencing
Olha Kharlan,gold,female,fencing
Olha Zhovnir,gold,female,fencing
Rebecca Ward,bronze,female,fencing
Sada Jacobson,silver,female,fencing
Svetlana Boiko,gold,female,fencing
Tan Xue,silver,female,fencing
Valentina Vezzali,gold,female,fencing
Viktoria Nikishina,gold,female,fencing
Yevgeniya Lamonova,gold,female,fencing
Albert Sala,silver,male,field hockey
Alex Fàbregas,silver,male,field hockey
Andrew Smith,bronze,male,field hockey
Benjamin Weß,gold,male,field hockey
Bevan George,bronze,male,field hockey
Carlos Nevado,gold,male,field hockey
Christopher Zeller,gold,male,field hockey
David Alegre,silver,male,field hockey
David Guest,bronze,male,field hockey
Des Abbott,bronze,male,field hockey
Eddie Ockenden,bronze,male,field hockey
Eduard Arbós,silver,male,field hockey
Eduard Tubau,silver,male,field hockey
Eli Matheson,bronze,male,field hockey
Fergus Kavanagh,bronze,male,field hockey
Florian Keller,gold,male,field hockey
Francisco Cortés,silver,male,field hockey
Francisco Fábregas Monegal,silver,male,field hockey
Grant Schubert,bronze,male,field hockey
Jamie Dwyer,bronze,male,field hockey
Jan-Marco Montag,gold,male,field hockey
Juan Fernández La Villa,silver,male,field hockey
Kiel Brown,bronze,male,field hockey
Liam de Young,bronze,male,field hockey
Luke Doerner,bronze,male,field hockey
Mark Knowles,bronze,male,field hockey
Matthew Wells,bronze,male,field hockey
Matthias Witthaus,gold,male,field hockey
Max Weinhold,gold,male,field hockey
Maximilian Müller,gold,male,field hockey
Moritz Fürste,gold,male,field hockey
Niklas Meinert,gold,male,field hockey
Oliver Korn,gold,male,field hockey
Philip Witte,gold,male,field hockey
Philipp Zeller,gold,male,field hockey
Pol Amat,silver,male,field hockey
Ramón Alegre,silver,male,field hockey
Robert Hammond,bronze,male,field hockey
Roc Oliva,silver,male,field hockey
Rodrigo Garza,silver,male,field hockey
Santi Freixa,silver,male,field hockey
Sebastian Biederlack,gold,male,field hockey
Sergi Enrique,silver,male,field hockey
Stephen Lambert,bronze,male,field hockey
Tibor Weißenborn,gold,male,field hockey
Timo Weß,gold,male,field hockey
Tobias Hauke,gold,male,field hockey
Travis Brooks,bronze,male,field hockey
Víctor Sojo,silver,male,field hockey
Xavier Ribas,silver,male,field hockey
Alejandra Gulla,bronze,female,field hockey
Belén Succi,bronze,female,field hockey
Carla Rebecchi,bronze,female,field hockey
Chen Qiuqi,silver,female,field hockey
Chen Zhaoxia,silver,female,field hockey
Cheng Hui,silver,female,field hockey
Claudia Burkart,bronze,female,field hockey
Eefke Mulder,gold,female,field hockey
Ellen Hoog,gold,female,field hockey
Eva de Goede,gold,female,field hockey
Fatima Moreira de Melo,gold,female,field hockey
Fu Baorong,silver,female,field hockey
Gao Lihua,silver,female,field hockey
Giselle Kañevsky,bronze,female,field hockey
Huang Junxia,silver,female,field hockey
Janneke Schopman,gold,female,field hockey
Li Hongxia,silver,female,field hockey
Li Shuang,silver,female,field hockey
Lidewij Welten,gold,female,field hockey
Lisanne de Roever,gold,female,field hockey
Luciana Aymar,bronze,female,field hockey
Ma Yibo,silver,female,field hockey
Maartje Goderie,gold,female,field hockey
Maartje Paumen,gold,female,field hockey
Magdalena Aicega,bronze,female,field hockey
Mariana González Oliva,bronze,female,field hockey
Mariana Rossi,bronze,female,field hockey
Marilyn Agliotti,gold,female,field hockey
Mariné Russo,bronze,female,field hockey
María de la Paz Hernández,bronze,female,field hockey
Mercedes Margalot,bronze,female,field hockey
Miek van Geenhuizen,gold,female,field hockey
Minke Booij,gold,female,field hockey
Minke Smeets,gold,female,field hockey
Naomi van As,gold,female,field hockey
Noel Barrionuevo,bronze,female,field hockey
Pan Fengzhen,silver,female,field hockey
Paola Vukojicic,bronze,female,field hockey
Ren Ye,silver,female,field hockey
Rosario Luchetti,bronze,female,field hockey
Soledad García,bronze,female,field hockey
Song Qingling,silver,female,field hockey
Sophie Polkamp,gold,female,field hockey
Tang Chunling,silver,female,field hockey
Wieke Dijkstra,gold,female,field hockey
Zhang Yimeng,silver,female,field hockey
Zhao Yudiao,silver,female,field hockey
Zhou Wanfeng,silver,female,field hockey
Alex Sandro da Silva,bronze,male,association football
Alexandre Pato,bronze,male,association football
Ambruse Vanzekin,silver,male,association football
Anderson,bronze,male,association football
Breno Borges,bronze,male,association football
Chibuzor Okonkwo,silver,male,association football
Chinedu Obasi,silver,male,association football
Dele Adeleye,silver,male,association football
Diego Alves,bronze,male,association football
Diego Buonanotte,gold,male,association football
Diego Ribas da Cunha,bronze,male,association football
Efe Ambrose,silver,male,association football
Emmanuel Ekpo,silver,male,association football
Ezequiel Garay,gold,male,association football
Ezequiel Lavezzi,gold,male,association football
Federico Fazio,gold,male,association football
Fernando Gago,gold,male,association football
Hernanes,bronze,male,association football
Ikechukwu Ezenwa,silver,male,association football
Ilsinho,bronze,male,association football
Isaac Promise,silver,male,association football
Javier Mascherano,gold,male,association football
José Sosa,gold,male,association football
Juan Román Riquelme,gold,male,association football
Jô,bronze,male,association football
Lautaro Acosta,gold,male,association football
Lionel Messi,gold,male,association football
Lucas Leiva,bronze,male,association football
Luciano Fabián Monzón,gold,male,association football
Marcel,bronze,male,association football
Monday James,silver,male,association football
Nicolás Navarro,gold,male,association football
Nicolás Pareja,gold,male,association football
Oladapo Olufemi,silver,male,association football
Olubayo Adefemi,silver,male,association football
Oluwafemi Ajilore,silver,male,association football
Onyekachi Apam,silver,male,association football
Oscar Ustari,gold,male,association football
Pablo Zabaleta,gold,male,association football
Peter Odemwingie,silver,male,association football
Rafael Sóbis,bronze,male,association football
Rafinha,bronze,male,association football
Ramires,bronze,male,association football
Renan Brito Soares,bronze,male,association football
Ronaldinho,bronze,male,association football
Sani Kaita,silver,male,association football
Sergio Agüero,gold,male,association football
Sergio Romero,gold,male,association football
Solomon Okoronkwo,silver,male,association football
Thiago Neves,bronze,male,association football
Thiago Silva,bronze,male,association football
Victor Anichebe,silver,male,association football
Victor Obinna,silver,male,association football
Ángel Di María,gold,male,association football
Éver Banega,gold,male,association football
Aly Wagner,gold,female,association football
Amy Rodriguez,gold,female,association football
Andréia Rosa,silver,female,association football
Andréia Suntaque,silver,female,association football
Angela Hucles,gold,female,association football
Anja Mittag,bronze,female,association football
Annike Krahn,bronze,female,association football
Ariane Hingst,bronze,female,association football
Babett Peter,bronze,female,association football
Birgit Prinz,bronze,female,association football
Bárbara Micheline do Monte Barbosa,silver,female,association football
Carli Lloyd,gold,female,association football
Christie Pearce,gold,female,association football
Conny Pohlers,bronze,female,association football
Cristiane Rozeira,silver,female,association football
Célia Šašić,bronze,female,association football
Daniela Alves Lima,silver,female,association football
Ester,silver,female,association football
Fabiana Simões,silver,female,association football
Fatmire Alushi,bronze,female,association football
Formiga,silver,female,association football
Francielle,silver,female,association football
Heather Mitts,gold,female,association football
Heather O'Reilly,gold,female,association football
Hope Solo,gold,female,association football
Kate Markgraf,gold,female,association football
Kerstin Garefrekes,bronze,female,association football
Kerstin Stegemann,bronze,female,association football
Lauren Holiday,gold,female,association football
Linda Bresonik,bronze,female,association football
Lindsay Tarpley,gold,female,association football
Lori Chalupny,gold,female,association football
Marta,silver,female,association football
Maurine Dornelles Gonçalves,silver,female,association football
Maycon,silver,female,association football
Melanie Behringer,bronze,female,association football
Nadine Angerer,bronze,female,association football
Natasha Kai,gold,female,association football
Nicole Barnhart,gold,female,association football
Pretinha,silver,female,association football
Rachel van Hollebeke,gold,female,association football
Renata Costa,silver,female,association football
Renate Lingor,bronze,female,association football
Rosana dos Santos Augusto,silver,female,association football
Sandra Smisek,bronze,female,association football
Saskia Bartusiak,bronze,female,association football
Shannon Boxx,gold,female,association football
Simone Gomes Jatobá,silver,female,association football
Simone Laudehr,bronze,female,association football
Stephanie Cox,gold,female,association football
Tobin Heath,gold,female,association football
Tânia Maria Pereira Ribeiro,silver,female,association football
Ursula Holl,bronze,female,association football
Érika Cristiano dos Santos,silver,female,association football
Alexander Artemev,bronze,male,artistic gymnastics
Anton Fokin,bronze,male,artistic gymnastics
Anton Golotsutskov,bronze,male,artistic gymnastics
Benoît Caranobe,bronze,male,artistic gymnastics
Chen Yibing,gold,male,artistic gymnastics
Fabian Hambüchen,bronze,male,artistic gymnastics
Filip Ude,silver,male,artistic gymnastics
Gervasio Deferr,silver,male,artistic gymnastics
Hiroyuki Tomita,silver,male,artistic gymnastics
Huang Xu,gold,male,artistic gymnastics
Jonathan Horton,bronze,male,artistic gymnastics
Joseph Hagerty,bronze,male,artistic gymnastics
Justin Spring,bronze,male,artistic gymnastics
Kevin Tan,bronze,male,artistic gymnastics
Koki Sakamoto,silver,male,artistic gymnastics
Kōhei Uchimura,silver,male,artistic gymnastics
Leszek Blanik,gold,male,artistic gymnastics
Li Xiaopeng,gold,male,artistic gymnastics
Louis Smith,bronze,male,artistic gymnastics
Makoto Okiguchi,silver,male,artistic gymnastics
Oleksandr Vorobiov,bronze,male,artistic gymnastics
Raj Bhavsar,bronze,male,artistic gymnastics
Takehiro Kashima,silver,male,artistic gymnastics
Takuya Nakase,silver,male,artistic gymnastics
Thomas Bouhail,silver,male,artistic gymnastics
Xiao Qin,gold,male,artistic gymnastics
Yang Wei,gold,male,artistic gymnastics
Yoo Won-chul,silver,male,artistic gymnastics
Zou Kai,gold,male,artistic gymnastics
Alicia Sacramone,silver,female,artistic gymnastics
Anamaria Tămârjan,bronze,female,artistic gymnastics
Andreea Acatrinei,bronze,female,artistic gymnastics
Andreea Grigore,bronze,female,artistic gymnastics
Bridget Sloan,silver,female,artistic gymnastics
Chellsie Memmel,silver,female,artistic gymnastics
Cheng Fei,gold,female,artistic gymnastics
Deng Linlin,gold,female,artistic gymnastics
Gabriela Drăgoi,bronze,female,artistic gymnastics
He Kexin,gold,female,artistic gymnastics
Hong Un-jong,gold,female,artistic gymnastics
Jiang Yuyuan,gold,female,artistic gymnastics
Li Shanshan,gold,female,artistic gymnastics
Nastia Liukin,gold,female,artistic gymnastics
Oksana Chusovitina,silver,female,artistic gymnastics
Samantha Peszek,silver,female,artistic gymnastics
Sandra Izbașa,bronze,female,artistic gymnastics
Shawn Johnson East,silver,female,artistic gymnastics
Steliana Nistor,bronze,female,artistic gymnastics
Yang Yilin,bronze,female,artistic gymnastics
Alina Tumilovich,bronze,female,rhythmic gymnastics
Anastasia Ivankova,bronze,female,rhythmic gymnastics
Anna Bessonova,bronze,female,rhythmic gymnastics
Anna Gavrilenko,gold,female,rhythmic gymnastics
Cai Tong-Tong,silver,female,rhythmic gymnastics
Chou Tao,silver,female,rhythmic gymnastics
Daria Shkurikhina,gold,female,rhythmic gymnastics
Glafira Martinovich,bronze,female,rhythmic gymnastics
Inna Zhukova,silver,female,rhythmic gymnastics
Ksenia Sankovich,bronze,female,rhythmic gymnastics
Lü Yuanyang,silver,female,rhythmic gymnastics
Margarita Aliychuk,gold,female,rhythmic gymnastics
Natalia Zuyeva,gold,female,rhythmic gymnastics
Olesya Babushkina,bronze,female,rhythmic gymnastics
Sui Jianshuang,silver,female,rhythmic gymnastics
Sun Dan,silver,female,rhythmic gymnastics
Tatiana Gorbunova,gold,female,rhythmic gymnastics
Yelena Posevina,gold,female,rhythmic gymnastics
Yevgeniya Kanayeva,gold,female,rhythmic gymnastics
Zhang Shuo,silver,female,rhythmic gymnastics
Zinaida Lunina,bronze,female,rhythmic gymnastics
Dong Dong,bronze,male,trampoline gymnastics
Jason Burnett,silver,male,trampoline gymnastics
Lu Chunlong,gold,male,trampoline gymnastics
Ekaterina Khilko,bronze,female,trampoline gymnastics
He Wenna,gold,female,trampoline gymnastics
Karen Cockburn,silver,female,trampoline gymnastics
Albert Rocas,bronze,male,handball
Alberto Entrerríos,bronze,male,handball
Alexander Petersson,silver,male,handball
Arnór Atlason,silver,male,handball
Bertrand Gille,gold,male,handball
Björgvin Páll Gústavsson,silver,male,handball
Carlos Prieto Martos,bronze,male,handball
Christophe Kempé,gold,male,handball
Cristian Malmagro,bronze,male,handball
Cédric Burdet,gold,male,handball
Cédric Paty,gold,male,handball
Daniel Narcisse,gold,male,handball
Daouda Karaboué,gold,male,handball
David Barrufet,bronze,male,handball
David Davis,bronze,male,handball
Demetrio Lozano,bronze,male,handball
Didier Dinart,gold,male,handball
Guillaume Gille,gold,male,handball
Guðjón Valur Sigurðsson,silver,male,handball
Hreiðar Guðmundsson,silver,male,handball
Iker Romero,bronze,male,handball
Ingimundur Ingimundarson,silver,male,handball
Jon Belaustegui,bronze,male,handball
José Javier Hombrados,bronze,male,handball
Joël Abati,gold,male,handball
Juanín García,bronze,male,handball
Jérôme Fernandez,gold,male,handball
Logi Geirsson,silver,male,handball
Luc Abalo,gold,male,handball
Michaël Guigou,gold,male,handball
Nikola Karabatić,gold,male,handball
Olivier Girault,gold,male,handball
Raúl Entrerríos,bronze,male,handball
Rubén Garabaya,bronze,male,handball
Róbert Gunnarsson,silver,male,handball
Sigfús Sigurðsson,silver,male,handball
Snorri Guðjónsson,silver,male,handball
Sturla Ásgeirsson,silver,male,handball
Sverre Andreas Jakobsson,silver,male,handball
Thierry Omeyer,gold,male,handball
Víctor Tomás,bronze,male,handball
Ásgeir Örn Hallgrímsson,silver,male,handball
Ólafur Stefánsson,silver,male,handball
An Jung-Hwa,bronze,female,handball
Anna Kareyeva,silver,female,handball
Bae Min-hee,bronze,female,handball
Choi Im-jeong,bronze,female,handball
Else-Marthe Sørlie Lybekk,gold,female,handball
Emiliya Turey,silver,female,handball
Gro Hammerseng-Edin,gold,female,handball
Gøril Snorroeggen,gold,female,handball
Hong Jeong-ho,bronze,female,handball
Huh Soon-young,bronze,female,handball
Inna Suslina,silver,female,handball
Irina Bliznova,silver,female,handball
Irina Dibirova,silver,female,handball
Kari Aalvik Grimsbø,gold,female,handball
Kari Mette Johansen,gold,female,handball
Karoline Dyhre Breivang,gold,female,handball
Katja Nyberg,gold,female,handball
Katrine Lunde,gold,female,handball
Kim Cha-youn,bronze,female,handball
Kim Nam-sun,bronze,female,handball
Kim On-a,bronze,female,handball
Kristine Lunde-Borgersen,gold,female,handball
Lee Min-hee,bronze,female,handball
Linn-Kristin Riegelhuth Koren,gold,female,handball
Lyudmila Postnova,silver,female,handball
Maria Sidorova,silver,female,handball
Marit Malm Frafjord,gold,female,handball
Moon Pil-hee,bronze,female,handball
Natalia Shipilova,silver,female,handball
Oh Seong-ok,bronze,female,handball
Oh Yong-ran,bronze,female,handball
Oxana Romenskaya,silver,female,handball
Park Chung-hee,bronze,female,handball
Ragnhild Aamodt,gold,female,handball
Song Hai-rim,bronze,female,handball
Tonje Larsen,gold,female,handball
Tonje Nøstvold,gold,female,handball
Yana Uskova,silver,female,handball
Yekaterina Andryushina,silver,female,handball
Yekaterina Marennikova,silver,female,handball
Yelena Dmitriyeva,silver,female,handball
Yelena Polenova,silver,female,handball
Abdullo Tangriev,silver,male,judo
Amar Benikhlef,silver,male,judo
Askhat Zhitkeyev,silver,male,judo
Benjamin Darbelet,silver,male,judo
Choi Min-ho,gold,male,judo
Elnur Mammadli,gold,male,judo
Henk Grol,bronze,male,judo
Hesham Mesbah,bronze,male,judo
Irakli Tsirekidze,gold,male,judo
Kim Jae-bum,silver,male,judo
Leandro Guilheiro,bronze,male,judo
Ludwig Paischer,silver,male,judo
Masato Uchishiba,gold,male,judo
Movlud Miraliyev,bronze,male,judo
Naidangiin Tüvshinbayar,gold,male,judo
Ole Bischof,gold,male,judo
Pak Chol-Min,bronze,male,judo
Rasul Boqiev,bronze,male,judo
Rishod Sobirov,bronze,male,judo
Roman Hontyuk,bronze,male,judo
Ruben Houkes,bronze,male,judo
Satoshi Ishii,gold,male,judo
Sergei Aschwanden,bronze,male,judo
Teddy Riner,bronze,male,judo
Tiago Camilo,bronze,male,judo
Wang Ki-chun,silver,male,judo
Yordanis Arencibia,bronze,male,judo
Óscar Brayson,bronze,male,judo
Alina Dumitru,gold,female,judo
An Kum-ae,silver,female,judo
Anaysi Hernández,silver,female,judo
Ayumi Tanimoto,gold,female,judo
Deborah Gravenstijn,silver,female,judo
Edith Bosch,bronze,female,judo
Elisabeth Willeboordse,bronze,female,judo
Giulia Quintavalle,gold,female,judo
Idalys Ortiz,bronze,female,judo
Jeong Gyeong-mi,bronze,female,judo
Ketleyn Quadros,bronze,female,judo
Lucie Décosse,silver,female,judo
Lucija Polavder,bronze,female,judo
Maki Tsukada,silver,female,judo
Masae Ueno,gold,female,judo
Misato Nakamura,bronze,female,judo
Paula Pareto,bronze,female,judo
Ronda Rousey,bronze,female,judo
Ryoko Tani,bronze,female,judo
Soraya Haddad,bronze,female,judo
Stéphanie Possamaï,bronze,female,judo
Tong Wen,gold,female,judo
Won Ok-Im,bronze,female,judo
Xian Dongmei,gold,female,judo
Xu Yan,bronze,female,judo
Yalennis Castillo,silver,female,judo
Yanet Bermoy,silver,female,judo
Yang Xiuli,gold,female,judo
Andrejus Zadneprovskis,bronze,male,modern pentathlon
Andrey Moiseyev,gold,male,modern pentathlon
Edvinas Krungolcas,silver,male,modern pentathlon
Heather Fell,silver,female,modern pentathlon
Lena Schöneborn,gold,female,modern pentathlon
Acer Nethercott,silver,male,rowing
Adam Korol,gold,male,rowing
Adam Kreek,gold,male,rowing
Alastair Heathcote,silver,male,rowing
Alex Partridge,silver,male,rowing
Andrew Byrnes,gold,male,rowing
Andrew Triggs Hodge,gold,male,rowing
Bartłomiej Pawełczak,silver,male,rowing
Beau Hoopman,bronze,male,rowing
Ben Rutledge,gold,male,rowing
Benjamin Rondeau,bronze,male,rowing
Brian Price,gold,male,rowing
Bryan Volpenhein,bronze,male,rowing
Cameron McKenzie-McHarg,silver,male,rowing
Colin Smith,silver,male,rowing
Cédric Berrest,bronze,male,rowing
Daniel Walsh,bronze,male,rowing
David Calder,silver,male,rowing
David Crawshay,gold,male,rowing
Dimitris Mougios,silver,male,rowing
Dominic Seiterle,gold,male,rowing
Dorian Mortelette,bronze,male,rowing
Drew Ginn,gold,male,rowing
Duncan Free,gold,male,rowing
Eskild Ebbesen,gold,male,rowing
Francis Hegerty,silver,male,rowing
George Bridgewater,bronze,male,rowing
Germain Chardin,bronze,male,rowing
Iain Brambell,bronze,male,rowing
Jake Wetzel,gold,male,rowing
James Marburg,silver,male,rowing
Jon Beare,bronze,male,rowing
Jonathan Coeffic,bronze,male,rowing
Josh Inman,bronze,male,rowing
Josh West,silver,male,rowing
Julien Bahain,bronze,male,rowing
Julien Desprès,bronze,male,rowing
Jüri Jaanson,silver,male,rowing
Kevin Light,gold,male,rowing
Konrad Wasielewski,gold,male,rowing
Kyle Hamilton,gold,male,rowing
Liam Parsons,bronze,male,rowing
Luca Agamennoni,silver,male,rowing
Mads Andersen,gold,male,rowing
Mads Rasmussen,bronze,male,rowing
Mahé Drysdale,bronze,male,rowing
Malcolm Howard,gold,male,rowing
Marcus McElhenney,bronze,male,rowing
Marek Kolbowicz,gold,male,rowing
Mark Hunter,gold,male,rowing
Matt Ryan,silver,male,rowing
Matt Schnobrich,bronze,male,rowing
Matthew Langridge,silver,male,rowing
Micah Boyd,bronze,male,rowing
Michał Jeliński,gold,male,rowing
Mike Lewis,bronze,male,rowing
Miłosz Bernatajtys,silver,male,rowing
Morten Jørgensen,gold,male,rowing
Nathan Twaddle,bronze,male,rowing
Olaf Tufte,gold,male,rowing
Ondřej Synek,silver,male,rowing
Paweł Rańda,silver,male,rowing
Pete Reed,gold,male,rowing
Pierre-Jean Peltier,bronze,male,rowing
Rasmus Quist Hansen,bronze,male,rowing
Richard Egington,silver,male,rowing
Rossano Galtarossa,silver,male,rowing
Scott Brennan,gold,male,rowing
Scott Frandsen,silver,male,rowing
Simone Raineri,silver,male,rowing
Simone Venier,silver,male,rowing
Stephen Rowbotham,bronze,male,rowing
Steve Williams,gold,male,rowing
Steven Coppola,bronze,male,rowing
Thomas Ebert,gold,male,rowing
Tom James,gold,male,rowing
Tom Lucy,silver,male,rowing
Tom Stallard,silver,male,rowing
Tõnu Endrekson,silver,male,rowing
Vasileios Polymeros,silver,male,rowing
Wyatt Allen,bronze,male,rowing
Zac Purchase,gold,male,rowing
Łukasz Pawłowski,silver,male,rowing
Anna Goodale,gold,female,rowing
Anna Mickelson,gold,female,rowing
Anna Watkins,bronze,female,rowing
Annabel Vernon,silver,female,rowing
Annekatrin Thiele,silver,female,rowing
Annemarieke van Rumpt,silver,female,rowing
Annemiek de Haan,silver,female,rowing
Britta Oppelt,bronze,female,rowing
Caroline Evers-Swindell,gold,female,rowing
Caroline Lind,gold,female,rowing
Caryn Davies,gold,female,rowing
Christiane Huth,silver,female,rowing
Constanța Burcică,bronze,female,rowing
Debbie Flood,silver,female,rowing
Doina Ignat,bronze,female,rowing
Ekaterina Karsten,bronze,female,rowing
Elena Georgescu,bronze,female,rowing
Elise Laverick,bronze,female,rowing
Elle Logan,gold,female,rowing
Enikő Barabás,bronze,female,rowing
Erin Cafaro,gold,female,rowing
Ester Workel,silver,female,rowing
Femke Dekker,silver,female,rowing
Frances Houghton,silver,female,rowing
Gao Yulan,silver,female,rowing
Georgeta Damian,gold,female,rowing
Georgina Evers-Swindell,gold,female,rowing
Helen Tanger,silver,female,rowing
Ioana Papuc,bronze,female,rowing
Jin Ziwei,gold,female,rowing
Katherine Grainger,silver,female,rowing
Kathrin Boron,bronze,female,rowing
Kirsten van der Kolk,gold,female,rowing
Lindsay Shoop,gold,female,rowing
Manuela Lutze,bronze,female,rowing
Marit van Eupen,gold,female,rowing
Marlies Smulders,silver,female,rowing
Mary Whipple,gold,female,rowing
Melanie Kok,bronze,female,rowing
Michelle Guerette,silver,female,rowing
Minna Nieminen,silver,female,rowing
Natallia Helakh,bronze,female,rowing
Nienke Kingma,silver,female,rowing
Rodica Șerban,bronze,female,rowing
Roline Repelaer van Driel,silver,female,rowing
Rumyana Neykova,gold,female,rowing
Sanna Stén,silver,female,rowing
Sarah Siegelaar,silver,female,rowing
Simona Mușat,bronze,female,rowing
Stephanie Schiller,bronze,female,rowing
Susan Francia,gold,female,rowing
Tang Bin,gold,female,rowing
Tracy Cameron,bronze,female,rowing
Viorica Susanu,gold,female,rowing
Wu You,silver,female,rowing
Xi Aihua,gold,female,rowing
Yuliya Bichyk,bronze,female,rowing
Zhang Yangyang,gold,female,rowing
Anders Ekström,bronze,male,sailing
Andrew Simpson,gold,male,sailing
Antón Paz,gold,male,sailing
Ben Ainslie,gold,male,sailing
Bruno Prada,silver,male,sailing
Carlos Espínola,bronze,male,sailing
Darren Bundock,silver,male,sailing
Diego Romero,bronze,male,sailing
Fernando Echávarri,gold,male,sailing
Fredrik Lööf,bronze,male,sailing
Glenn Ashby,silver,male,sailing
Guillaume Florent,bronze,male,sailing
Hannes Peckolt,bronze,male,sailing
Iain Percy,gold,male,sailing
Iker Martínez de Lizarduy,silver,male,sailing
Jan-Peter Peckolt,bronze,male,sailing
Joe Glanfield,silver,male,sailing
Jonas Warrer,gold,male,sailing
Julien Bontemps,silver,male,sailing
Malcolm Page,gold,male,sailing
Martin Kirketerp,gold,male,sailing
Nathan Wilmot,gold,male,sailing
Nick Rogers,silver,male,sailing
Nicolas Charbonnier,bronze,male,sailing
Olivier Bausset,bronze,male,sailing
Paul Goodison,gold,male,sailing
Robert Scheidt,silver,male,sailing
Santiago Lange,bronze,male,sailing
Shahar Tzuberi,bronze,male,sailing
Tom Ashley,gold,male,sailing
Vasilij Žbogar,silver,male,sailing
Xabier Fernández,silver,male,sailing
Zach Railey,silver,male,sailing
Alessandra Sensini,silver,female,sailing
Anna Tunnicliffe,gold,female,sailing
Annemieke Bes,silver,female,sailing
Bryony Shaw,bronze,female,sailing
Elise Rechichi,gold,female,sailing
Fernanda Oliveira,bronze,female,sailing
Gintarė Scheidt,silver,female,sailing
Isabel Swan,bronze,female,sailing
Lobke Berkhout,silver,female,sailing
Mandy Mulder,silver,female,sailing
Marcelien de Koning,silver,female,sailing
Merel Witteveen,silver,female,sailing
Pippa Wilson,gold,female,sailing
Sarah Ayton,gold,female,sailing
Sarah Webb,gold,female,sailing
Sofia Bekatorou,bronze,female,sailing
Sofia Papadopoulou,bronze,female,sailing
Tessa Parkinson,gold,female,sailing
Virginia Kravarioti,bronze,female,sailing
Xu Lijia,bronze,female,sailing
Yin Jian,gold,female,sailing
Abhinav,gold,male,shooting sport
Aleksei Alipov,bronze,male,shooting sport
Anthony Terras,bronze,male,shooting sport
Artur Ayvazyan,gold,male,shooting sport
Christian Reitz,bronze,male,shooting sport
David Kostelecký,gold,male,shooting sport
Francesco D'Aniello,silver,male,shooting sport
Giovanni Pellielo,silver,male,shooting sport
Henri Häkkinen,bronze,male,shooting sport
Hu Binyuan,bronze,male,shooting sport
Jason Turner,bronze,male,shooting sport
Jin Jong-oh,silver,male,shooting sport
Jury Sukhorukov,silver,male,shooting sport
Matthew Emmons,silver,male,shooting sport
Oleksandr Petriv,gold,male,shooting sport
Pang Wei,gold,male,shooting sport
Qiu Jian,gold,male,shooting sport
Rajmond Debevec,bronze,male,shooting sport
Ralf Schumann,silver,male,shooting sport
Tan Zongliang,silver,male,shooting sport
Tore Brovold,silver,male,shooting sport
Vincent Hancock,gold,male,shooting sport
Vladimir Isakov,bronze,male,shooting sport
Walton Eller,gold,male,shooting sport
Warren Potent,bronze,male,shooting sport
Zhu Qinan,silver,male,shooting sport
Chen Ying,gold,female,shooting sport
Chiara Cainero,gold,female,shooting sport
Christine Wenzel,bronze,female,shooting sport
Corey Cogdell,bronze,female,shooting sport
Du Li,gold,female,shooting sport
Eglis Yaima Cruz,bronze,female,shooting sport
Guo Wenjun,gold,female,shooting sport
Kateřina Emmons,gold,female,shooting sport
Kim Rhode,silver,female,shooting sport
Lioubov Galkina,silver,female,shooting sport
Munkhbayar Dorjsuren,bronze,female,shooting sport
Natalia Paderina,silver,female,shooting sport
Nino Salukvadze,bronze,female,shooting sport
Otryadyn Gündegmaa,silver,female,shooting sport
Satu Mäkelä-Nummela,gold,female,shooting sport
Snježana Pejčić,bronze,female,shooting sport
Zuzana Rehák-Štefečeková,silver,female,shooting sport
Andrea Duran,silver,female,softball
Ayumi Karino,gold,female,softball
Belinda Wright,bronze,female,softball
Caitlin Lowe,silver,female,softball
Cat Osterman,silver,female,softball
Crystl Bustos,silver,female,softball
Danielle Stewart,bronze,female,softball
Emi Inui,gold,female,softball
Eri Yamada,gold,female,softball
Hiroko Sakai,gold,female,softball
Jennie Finch,silver,female,softball
Jessica Mendoza,silver,female,softball
Jodie Bowering,bronze,female,softball
Justine Smethurst,bronze,female,softball
Kelly Hardie,bronze,female,softball
Kelly Kretschman,silver,female,softball
Kerry Wyborn,bronze,female,softball
Kylie Cronk,bronze,female,softball
Laura Berg,silver,female,softball
Lauren Lappin,silver,female,softball
Lovieanne Jung,silver,female,softball
Masumi Mishina,gold,female,softball
Megu Hirose,gold,female,softball
Melanie Roche,bronze,female,softball
Mika Someya,gold,female,softball
Monica Abbott,silver,female,softball
Motoko Fujimoto,gold,female,softball
Naho Emoto,gold,female,softball
Natalie Titcume,bronze,female,softball
Natalie Ward,bronze,female,softball
Natasha Watley,silver,female,softball
Rei Nishiyama,gold,female,softball
Rie Sato,gold,female,softball
Sachiko Ito,gold,female,softball
Sandy Lewis,bronze,female,softball
Satoko Mabuchi,gold,female,softball
Simmone Morrow,bronze,female,softball
Stacey Nuveman,silver,female,softball
Stacey Porter,bronze,female,softball
Tairia Flowers,silver,female,softball
Tanya Harding,bronze,female,softball
Tracey Mosley,bronze,female,softball
Vicky Galindo,silver,female,softball
Yukiko Ueno,gold,female,softball
Yukiyo Mine,gold,female,softball
Aaron Peirsol,gold,male,swimming
Adam Pine,silver,male,swimming
Alain Bernard,bronze,male,swimming
Alexander Dale Oen,silver,male,swimming
Alexander Sukhorukov,silver,male,swimming
Amaury Leveaux,silver,male,swimming
Andrew Lauterstein,bronze,male,swimming
Arkady Vyatchanin,bronze,male,swimming
Ashley Callus,bronze,male,swimming
Ashley Delaney,silver,male,swimming
Ben Wildman-Tobriner,gold,male,swimming
Boris Steimetz,silver,male,swimming
Brendan Hansen,gold,male,swimming
Brenton Rickard,silver,male,swimming
Christian Sprenger,silver,male,swimming
Cullen Jones,gold,male,swimming
César Cielo,gold,male,swimming
Danila Izotov,silver,male,swimming
David Davies,silver,male,swimming
David Walters,gold,male,swimming
Eamon Sullivan,silver,male,swimming
Erik Vendt,gold,male,swimming
Fabien Gilot,silver,male,swimming
Frédérick Bousquet,silver,male,swimming
Garrett Weber-Gale,gold,male,swimming
Grant Brits,bronze,male,swimming
Grant Hackett,silver,male,swimming
Grégory Mallet,silver,male,swimming
Hayden Stoeckel,bronze,male,swimming
Hisayoshi Sato,bronze,male,swimming
Hugues Duboscq,bronze,male,swimming
Ian Crocker,gold,male,swimming
Jason Lezak,bronze,male,swimming
Junichi Miyashita,bronze,male,swimming
Kirk Palmer,bronze,male,swimming
Klete Keller,gold,male,swimming
Kosuke Kitajima,gold,male,swimming
Larsen Jensen,bronze,male,swimming
Leith Brodie,bronze,male,swimming
László Cseh,silver,male,swimming
Maarten van der Weijden,gold,male,swimming
Mark Gangloff,gold,male,swimming
Matt Grevers,silver,male,swimming
Matt Targett,bronze,male,swimming
Michael Phelps,gold,male,swimming
Mikhail Polishchuk,silver,male,swimming
Milorad Čavić,silver,male,swimming
Nathan Adrian,gold,male,swimming
Nick Ffrost,bronze,male,swimming
Nikita Lobintsev,silver,male,swimming
Oussama Mellouli,gold,male,swimming
Park Tae-Hwan,silver,male,swimming
Patrick Murphy,bronze,male,swimming
Peter Vanderkaay,bronze,male,swimming
Ricky Berens,gold,male,swimming
Ryan Cochrane,bronze,male,swimming
Ryan Lochte,gold,male,swimming
Takeshi Matsuda,bronze,male,swimming
Takuro Fujii,bronze,male,swimming
Thomas Lurz,bronze,male,swimming
Yevgeny Lagunov,silver,male,swimming
Zhang Lin,silver,male,swimming
Alessia Filippi,silver,female,swimming
Alice Tait,bronze,female,swimming
Allison Schmitt,bronze,female,swimming
Angie Bainbridge,gold,female,swimming
Britta Steffen,gold,female,swimming
Bronte Barratt,gold,female,swimming
Caroline Burckle,bronze,female,swimming
Cassie Patten,bronze,female,swimming
Cate Campbell,bronze,female,swimming
Christine Magnuson,silver,female,swimming
Christine Marshall,bronze,female,swimming
Dara Torres,silver,female,swimming
Elaine Breeden,silver,female,swimming
Emily Seebohm,gold,female,swimming
Emily Silver,silver,female,swimming
Federica Pellegrini,gold,female,swimming
Felicity Galvez,gold,female,swimming
Femke Heemskerk,gold,female,swimming
Hinkelien Schreuder,gold,female,swimming
Inge Dekker,gold,female,swimming
Jessicah Schipper,bronze,female,swimming
Jiao Liuyang,silver,female,swimming
Joanne Jackson,bronze,female,swimming
Julia Smit,silver,female,swimming
Kara Lynn Joyce,silver,female,swimming
Katie Hoff,silver,female,swimming
Keri-Anne Payne,silver,female,swimming
Kim Vandenberg,bronze,female,swimming
Kirsty Coventry,silver,female,swimming
Kylie Palmer,gold,female,swimming
Lacey Nymeyer,silver,female,swimming
Lara Davenport,gold,female,swimming
Larisa Ilchenko,gold,female,swimming
Leisel Jones,gold,female,swimming
Libby Trickett,silver,female,swimming
Linda Mackenzie,gold,female,swimming
Liu Zige,gold,female,swimming
Lotte Friis,bronze,female,swimming
Manon van Rooijen,gold,female,swimming
Margaret Hoelzer,bronze,female,swimming
Marleen Veldhuis,gold,female,swimming
Megan Jendrick,silver,female,swimming
Melanie Schlanger,bronze,female,swimming
Mirna Jukić,bronze,female,swimming
Natalie Coughlin,bronze,female,swimming
Pang Jiaying,bronze,female,swimming
Ranomi Kromowidjojo,gold,female,swimming
Rebecca Adlington,gold,female,swimming
Rebecca Soni,silver,female,swimming
Reiko Nakamura,bronze,female,swimming
Sara Isaković,silver,female,swimming
Sara Nordenstam,bronze,female,swimming
Shayne Reese,bronze,female,swimming
Stephanie Rice,gold,female,swimming
Sun Ye,bronze,female,swimming
Tan Miao,silver,female,swimming
Tang Jingzhi,silver,female,swimming
Tarnee White,gold,female,swimming
Xu Tianlongzi,bronze,female,swimming
Yang Yu,silver,female,swimming
Zhao Jing,bronze,female,swimming
Zhou Yafei,bronze,female,swimming
Zhu Qianwei,silver,female,swimming
Alba Cabello,silver,female,synchronized swimming
Anastasia Davydova,gold,female,synchronized swimming
Anastasiya Yermakova,gold,female,synchronized swimming
Andrea Fuentes,silver,female,synchronized swimming
Anna Shorina,gold,female,synchronized swimming
Elvira Khasyanova,gold,female,synchronized swimming
Emiko Suzuki,bronze,female,synchronized swimming
Gemma Mengual,silver,female,synchronized swimming
Gisela Morón,silver,female,synchronized swimming
Gu Beibei,bronze,female,synchronized swimming
Huang Xuechen,bronze,female,synchronized swimming
Irina Rodríguez,silver,female,synchronized swimming
Jiang Tingting,bronze,female,synchronized swimming
Jiang Wenwen,bronze,female,synchronized swimming
Laura López,silver,female,synchronized swimming
Liu Ou,bronze,female,synchronized swimming
Luo Xi,bronze,female,synchronized swimming
Mariya Gromova,gold,female,synchronized swimming
Natalia Ishchenko,gold,female,synchronized swimming
Olga Kuzhela,gold,female,synchronized swimming
Paola Tirados,silver,female,synchronized swimming
Raquel Corral,silver,female,synchronized swimming
Saho Harada,bronze,female,synchronized swimming
Sun Qiuting,bronze,female,synchronized swimming
Svetlana Romashina,gold,female,synchronized swimming
Thaïs Henríquez,silver,female,synchronized swimming
Wang Na,bronze,female,synchronized swimming
Yelena Ovchinnikova,gold,female,synchronized swimming
Zhang Xiaohuan,bronze,female,synchronized swimming
Christian Süß,silver,male,table tennis
Dimitrij Ovtcharov,silver,male,table tennis
Ma Lin,gold,male,table tennis
Oh Sang-eun,bronze,male,table tennis
Ryu Seung-min,bronze,male,table tennis
Timo Boll,silver,male,table tennis
Wang Hao,silver,male,table tennis
Wang Liqin,bronze,male,table tennis
Yoon Jae-Young,bronze,male,table tennis
Dang Ye-seo,bronze,female,table tennis
Feng Tianwei,silver,female,table tennis
Guo Yue,bronze,female,table tennis
Kim Kyungah,bronze,female,table tennis
Li Jiawei,silver,female,table tennis
Park Mi-Young,bronze,female,table tennis
Wang Nan,silver,female,table tennis
Wang Yuegu,silver,female,table tennis
Zhang Yining,gold,female,table tennis
Alexandros Nikolaidis,silver,male,taekwondo
Arman Chilmanov,bronze,male,taekwondo
Cha Dong-Min,gold,male,taekwondo
Chika Chukwumerije,bronze,male,taekwondo
Chu Mu-yen,bronze,male,taekwondo
Gabriel Mercedes,silver,male,taekwondo
Guillermo Pérez,gold,male,taekwondo
Hadi Saei,gold,male,taekwondo
Mark López,silver,male,taekwondo
Mauro Sarmiento,silver,male,taekwondo
Rohullah Nikpai,bronze,male,taekwondo
Servet Tazegül,bronze,male,taekwondo
Son Tae-jin,gold,male,taekwondo
Steven López,bronze,male,taekwondo
Sung Yu-chi,bronze,male,taekwondo
Zhu Guo,bronze,male,taekwondo
Azize Tanrıkulu,silver,female,taekwondo
Buttree Puedpong,silver,female,taekwondo
Dalia Contreras,bronze,female,taekwondo
Daynellis Montejo,bronze,female,taekwondo
Diana López,bronze,female,taekwondo
Gwladys Épangue,bronze,female,taekwondo
Hwang Kyung-Seon,gold,female,taekwondo
Karine Sergerie,silver,female,taekwondo
Lim Su-jeong,gold,female,taekwondo
Martina Zubčić,bronze,female,taekwondo
María Espinoza,gold,female,taekwondo
Natália Falavigna,bronze,female,taekwondo
Nina Solheim,silver,female,taekwondo
Sandra Šarić,bronze,female,taekwondo
Sarah Stevenson,bronze,female,taekwondo
Wu Jingyu,gold,female,taekwondo
Bob Bryan,bronze,male,tennis
Fernando González,silver,male,tennis
Mike Bryan,bronze,male,tennis
Novak Djokovic,bronze,male,tennis
Rafael Nadal,gold,male,tennis
Roger Federer,gold,male,tennis
Simon Aspelin,silver,male,tennis
Stan Wawrinka,gold,male,tennis
Thomas Johansson,silver,male,tennis
Anabel Medina Garrigues,silver,female,tennis
Dinara Safina,silver,female,tennis
Elena Dementieva,gold,female,tennis
Serena Williams,gold,female,tennis
Venus Williams,gold,female,tennis
Vera Zvonareva,bronze,female,tennis
Virginia Ruano Pascual,silver,female,tennis
Yan Zi,bronze,female,tennis
Zheng Jie,bronze,female,tennis
Bevan Docherty,bronze,male,triathlon
Jan Frodeno,gold,male,triathlon
Simon Whitfield,silver,male,triathlon
Emma Moffatt,bronze,female,triathlon
Emma Snowsill,gold,female,triathlon
Vanessa Fernandes,silver,female,triathlon
Emanuel Rego,bronze,male,beach volleyball
Fábio Luiz Magalhães,silver,male,beach volleyball
Márcio Araújo,silver,male,beach volleyball
Phil Dalhausser,gold,male,beach volleyball
Ricardo Santos,bronze,male,beach volleyball
Todd Rogers,gold,male,beach volleyball
Kerri Walsh Jennings,gold,female,beach volleyball
Misty May-Treanor,gold,female,beach volleyball
Tian Jia,silver,female,beach volleyball
Wang Jie,silver,female,beach volleyball
Xue Chen,bronze,female,beach volleyball
Zhang Xi,bronze,female,beach volleyball
Aleksandr Korneev,bronze,male,volleyball
Aleksandr Kosarev,bronze,male,volleyball
Aleksandr Volkov,bronze,male,volleyball
Aleksey Kuleshov,bronze,male,volleyball
Aleksey Ostapenko,bronze,male,volleyball
Aleksey Verbov,bronze,male,volleyball
Anderson Rodrigues,silver,male,volleyball
André Heller,silver,male,volleyball
André Nascimento,silver,male,volleyball
Bruno Rezende,silver,male,volleyball
Clayton Stanley,gold,male,volleyball
Dante Amaral,silver,male,volleyball
David Lee,gold,male,volleyball
Gabriel Gardner,gold,male,volleyball
Giba,silver,male,volleyball
Gustavo Endres,silver,male,volleyball
Kevin Hansen,gold,male,volleyball
Lloy Ball,gold,male,volleyball
Marcelo Elgarten,silver,male,volleyball
Maxim Mikhaylov,bronze,male,volleyball
Murilo Endres,silver,male,volleyball
Reid Priddy,gold,male,volleyball
Richard Lambourne,gold,male,volleyball
Riley Salmon,gold,male,volleyball
Rodrigão,silver,male,volleyball
Ryan Millar,gold,male,volleyball
Samuel Fuchs,silver,male,volleyball
Scott Touzinsky,gold,male,volleyball
Sean Rooney,gold,male,volleyball
Semyon Poltavskiy,bronze,male,volleyball
Sergey Grankin,bronze,male,volleyball
Sergey Tetyukhin,bronze,male,volleyball
Sérgio Santos,silver,male,volleyball
Thomas Hoff,gold,male,volleyball
Vadim Khamuttskikh,bronze,male,volleyball
Yury Berezhko,bronze,male,volleyball
Carolina Albuquerque,gold,female,volleyball
Danielle Scott-Arruda,silver,female,volleyball
Fabiana Claudino,gold,female,volleyball
Fabiana de Oliveira,gold,female,volleyball
Feng Kun,bronze,female,volleyball
Fofão,gold,female,volleyball
Heather Bown,silver,female,volleyball
Jaqueline Carvalho,gold,female,volleyball
Jennifer Joines,silver,female,volleyball
Kim Glass,silver,female,volleyball
Kim Willoughby,silver,female,volleyball
Li Juan,bronze,female,volleyball
Lindsey Berg,silver,female,volleyball
Liu Yanan,bronze,female,volleyball
Logan Tom,silver,female,volleyball
Ma Yunwen,bronze,female,volleyball
Marianne Steinbrecher,gold,female,volleyball
Nicole Davis,silver,female,volleyball
Ogonna Nnamani,silver,female,volleyball
Paula Pequeno,gold,female,volleyball
Robyn Ah Mow-Santos,silver,female,volleyball
Sheilla Castro,gold,female,volleyball
Stacy Sykora,silver,female,volleyball
Tayyiba Haneef-Park,silver,female,volleyball
Thaísa Menezes,gold,female,volleyball
Valeska Menezes,gold,female,volleyball
Walewska Oliveira,gold,female,volleyball
Wang Yimei,bronze,female,volleyball
Wei Qiuyue,bronze,female,volleyball
Welissa Gonzaga,gold,female,volleyball
Xu Yunli,bronze,female,volleyball
Xue Ming,bronze,female,volleyball
Yang Hao,bronze,female,volleyball
Zhang Na,bronze,female,volleyball
Zhao Ruirui,bronze,female,volleyball
Zhou Suhong,bronze,female,volleyball
Adam Wright,silver,male,water polo
Aleksandar Ćirić,bronze,male,water polo
Aleksandar Šapić,bronze,male,water polo
Andrija Prlainović,bronze,male,water polo
Brandon Brooks,silver,male,water polo
Branko Peković,bronze,male,water polo
Dejan Savić,bronze,male,water polo
Denis Šefik,bronze,male,water polo
Duško Pijetlović,bronze,male,water polo
Dániel Varga,gold,male,water polo
Dénes Varga,gold,male,water polo
Filip Filipović,bronze,male,water polo
Gergely Kiss,gold,male,water polo
Gábor Kis,gold,male,water polo
István Gergely,gold,male,water polo
J. W. Krumpholz,silver,male,water polo
Jeff Powers,silver,male,water polo
Jesse Smith,silver,male,water polo
Layne Beaubien,silver,male,water polo
Merrill Moses,silver,male,water polo
Nikola Rađen,bronze,male,water polo
Norbert Hosnyánszky,gold,male,water polo
Norbert Madaras,gold,male,water polo
Peter Hudnut,silver,male,water polo
Peter Varellas,silver,male,water polo
Péter Biros,gold,male,water polo
Rick Merlo,silver,male,water polo
Ryan Bailey,silver,male,water polo
Slobodan Soro,bronze,male,water polo
Tamás Kásás,gold,male,water polo
Tamás Molnár,gold,male,water polo
Tamás Varga,gold,male,water polo
Tibor Benedek,gold,male,water polo
Tim Hutten,silver,male,water polo
Tony Azevedo,silver,male,water polo
Vanja Udovičić,bronze,male,water polo
Vladimir Vujasinović,bronze,male,water polo
Zoltán Szécsi,gold,male,water polo
Živko Gocić,bronze,male,water polo
Alette Sijbring,gold,female,water polo
Alicia McCormack,bronze,female,water polo
Alison Gregorka,silver,female,water polo
Amy Hetzel,bronze,female,water polo
Biurakn Hakhverdian,gold,female,water polo
Brenda Villa,silver,female,water polo
Brittany Hayes,silver,female,water polo
Bronwen Knox,bronze,female,water polo
Daniëlle de Bruijn,gold,female,water polo
Elizabeth Armstrong,silver,female,water polo
Elsie Windes,silver,female,water polo
Emma Knox,bronze,female,water polo
Gemma Beadsworth,bronze,female,water polo
Gillian van den Berg,gold,female,water polo
Heather Petri,silver,female,water polo
Iefke van Belkum,gold,female,water polo
Ilse van der Meijden,gold,female,water polo
Jaime Komer,silver,female,water polo
Jenna Santoromito,bronze,female,water polo
Jessica Steffens,silver,female,water polo
Kami Craig,silver,female,water polo
Kate Gynther,bronze,female,water polo
Lauren Wenger,silver,female,water polo
Marieke van den Ham,gold,female,water polo
Meike de Nooy,gold,female,water polo
Melissa Rippon,bronze,female,water polo
Mia Santoromito,bronze,female,water polo
Mieke Cabout,gold,female,water polo
Moriah van Norman,silver,female,water polo
Natalie Golda,silver,female,water polo
Nikita Cuffe,bronze,female,water polo
Noeki Klein,gold,female,water polo
Patty Cardenas,silver,female,water polo
Rebecca Rippon,bronze,female,water polo
Rianne Guichelaar,gold,female,water polo
Simone Koot,gold,female,water polo
Suzie Fraser,bronze,female,water polo
Taniele Gofers,bronze,female,water polo
Yasemin Smit,gold,female,water polo
Andrei Aramnau,gold,male,weightlifting
Arsen Kasabiev,silver,male,weightlifting
Diego Salazar,silver,male,weightlifting
Dmitry Klokov,silver,male,weightlifting
Eko Irawan,bronze,male,weightlifting
Evgeny Chigishev,silver,male,weightlifting
Gevorg Davtyan,bronze,male,weightlifting
Hoang Anh Tuan,silver,male,weightlifting
Jadier Valladares,bronze,male,weightlifting
Li Hongli,silver,male,weightlifting
Liao Hui,gold,male,weightlifting
Long Qingquan,gold,male,weightlifting
Lu Yong,gold,male,weightlifting
Marcin Dołęga,bronze,male,weightlifting
Matthias Steiner,gold,male,weightlifting
Sa Jae-Hyouk,gold,male,weightlifting
Szymon Kołecki,gold,male,weightlifting
Tigran Vardan Martirosyan,silver,male,weightlifting
Triyatno,bronze,male,weightlifting
Vencelas Dabaya,silver,male,weightlifting
Viktors Ščerbatihs,bronze,male,weightlifting
Yoandry Hernández,bronze,male,weightlifting
Yordanis Borrero,bronze,male,weightlifting
Zhang Xiangxiang,gold,male,weightlifting
Abeer Abdelrahman,bronze,female,weightlifting
Alla Vazhenina,gold,female,weightlifting
Chen Wei-ling,gold,female,weightlifting
Chen Yanqing,gold,female,weightlifting
Christine Girard,bronze,female,weightlifting
Damaris Gabriela Aguirre Aldaz,bronze,female,weightlifting
Ele Opeloge,silver,female,weightlifting
Im Jyoung-Hwa,silver,female,weightlifting
Jang Mi-ran,gold,female,weightlifting
Leydi Solís,silver,female,weightlifting
Lu Ying-chi,silver,female,weightlifting
Lydia Valentín,silver,female,weightlifting
Mariam Usman,bronze,female,weightlifting
O Jong-ae,silver,female,weightlifting
Oksana Slivenko,gold,female,weightlifting
Pak Hyon-suk,gold,female,weightlifting
Pensiri Laosirikul,bronze,female,weightlifting
Prapawadee Jaroenrattanatarakoon,gold,female,weightlifting
Raema Lisa Rumbewas,bronze,female,weightlifting
Wandee Kameaim,bronze,female,weightlifting
Yoon Jin-Hee,silver,female,weightlifting
Andriy Stadnik,silver,male,freestyle wrestling
Bakhtiyar Akhmedov,gold,male,freestyle wrestling
Bazar Bazarguruev,bronze,male,freestyle wrestling
Besik Kudukhov,bronze,male,freestyle wrestling
Buvaisar Saitiev,gold,male,freestyle wrestling
David Musuľbes,silver,male,freestyle wrestling
Disney Rodríguez,bronze,male,freestyle wrestling
Georgy Ketoyev,bronze,male,freestyle wrestling
Gheorghiță Ștefan,bronze,male,freestyle wrestling
Giorgi Gogshelidze,silver,male,freestyle wrestling
Henry Cejudo,gold,male,freestyle wrestling
Kenichi Yumoto,silver,male,freestyle wrestling
Khetag Gazyumov,bronze,male,freestyle wrestling
Kiril Terziev,bronze,male,freestyle wrestling
Marid Mutalimov,bronze,male,freestyle wrestling
Mavlet Batirov,gold,male,freestyle wrestling
Michel Batista Martínez,bronze,male,freestyle wrestling
Morad Mohammadi,bronze,male,freestyle wrestling
Murad Gaidarov,silver,male,freestyle wrestling
Otar Tushishvili,bronze,male,freestyle wrestling
Radoslav Velikov,bronze,male,freestyle wrestling
Ramazan Şahin,gold,male,freestyle wrestling
Revaz Mindorashvili,gold,male,freestyle wrestling
Shirvani Muradov,gold,male,freestyle wrestling
Sushil Kumar,bronze,male,freestyle wrestling
Taras Danko,bronze,male,freestyle wrestling
Tomohiro Matsunaga,silver,male,freestyle wrestling
Yusup Abdusalomov,silver,male,freestyle wrestling
Agnieszka Wieszczek-Kordus,bronze,female,freestyle wrestling
Alena Kartashova,silver,female,freestyle wrestling
Carol Huynh,gold,female,freestyle wrestling
Chiharu Icho,silver,female,freestyle wrestling
Iryna Merleni,bronze,female,freestyle wrestling
Jackeline Rentería,bronze,female,freestyle wrestling
Kaori Icho,gold,female,freestyle wrestling
Kyoko Hamaguchi,bronze,female,freestyle wrestling
Mariya Stadnik,bronze,female,freestyle wrestling
Randi Miller,bronze,female,freestyle wrestling
Saori Yoshida,gold,female,freestyle wrestling
Stanka Zlateva,silver,female,freestyle wrestling
Tonya Verbeek,bronze,female,freestyle wrestling
Wang Jiao,gold,female,freestyle wrestling
Xu Li,silver,female,freestyle wrestling
Yelena Shalygina,bronze,female,freestyle wrestling
Adam Wheeler,bronze,male,greco-roman wrestling
Andrea Minguzzi,gold,male,greco-roman wrestling
Armen Vardanyan,bronze,male,greco-roman wrestling
Aslanbek Khushtov,gold,male,greco-roman wrestling
Chang Yongxiang,silver,male,greco-roman wrestling
Christophe Guénot,bronze,male,greco-roman wrestling
Islambek Albiev,gold,male,greco-roman wrestling
Kanatbek Begaliev,silver,male,greco-roman wrestling
Manuchar Kvirkvelia,gold,male,greco-roman wrestling
Marek Švec,bronze,male,greco-roman wrestling
Mijaín López,gold,male,greco-roman wrestling
Mikhail Siamionau,bronze,male,greco-roman wrestling
Mindaugas Mizgaitis,silver,male,greco-roman wrestling
Mirko Englich,silver,male,greco-roman wrestling
Nazmi Avluca,bronze,male,greco-roman wrestling
Nazyr Mankiev,gold,male,greco-roman wrestling
Nurbakyt Tengizbayev,silver,male,greco-roman wrestling
Park Eun-Chul,bronze,male,greco-roman wrestling
Roman Amoyan,bronze,male,greco-roman wrestling
Rovshan Bayramov,silver,male,greco-roman wrestling
Ruslan Tumenbaev,bronze,male,greco-roman wrestling
Sheng Jiang,bronze,male,greco-roman wrestling
Steeve Guénot,gold,male,greco-roman wrestling
Yannick Szczepaniak,bronze,male,greco-roman wrestling
Yavor Yanakiev,bronze,male,greco-roman wrestling
Yury Patrikeyev,bronze,male,greco-roman wrestling
Zoltán Fodor,silver,male,greco-roman wrestling
